timestamp,elapsed_s,rank,gpu_index,utilization_gpu_pct,memory_used_mib
1787410871.87401,0.02,1,0,100,1636
1787410872.8909798,1.037,1,0,99,1636
1787410873.9086967,2.055,1,0,100,1636
1787410874.9255729,3.071,1,0,100,1636
1787410875.9430919,4.089,1,0,100,1636
1787410876.9608026,5.107,1,0,100,1636
1787410877.9788163,6.125,1,0,100,1636
1787410878.9953508,7.141,1,0,71,1636
1787410880.0123222,8.158,1,0,0,1678
1787410881.028995,9.175,1,0,85,1992
1787410882.0456862,10.192,1,0,97,2006
1787410883.0623288,11.208,1,0,100,2024
1787410884.079124,12.225,1,0,100,2024
1787410885.0956242,13.241,1,0,100,2024
1787410886.1122975,14.258,1,0,100,2024
1787410887.128808,15.275,1,0,100,2024
1787410888.1452532,16.291,1,0,100,2024
1787410889.1624174,17.308,1,0,100,2024
1787410890.1796327,18.325,1,0,100,2024
1787410891.19778,19.344,1,0,100,2024
1787410892.2153816,20.361,1,0,97,2024
1787410893.2326481,21.378,1,0,100,2024
1787410894.2502432,22.396,1,0,100,2024
1787410895.267227,23.413,1,0,100,2026
1787410896.283749,24.43,1,0,100,2026
1787410897.3004138,25.446,1,0,100,2026
1787410898.316809,26.463,1,0,100,2026
1787410899.3341343,27.48,1,0,100,2026
1787410900.350699,28.497,1,0,99,2026
1787410901.3676996,29.514,1,0,100,2026
1787410902.3843517,30.53,1,0,92,2060
1787410903.400736,31.547,1,0,100,2070
1787410904.4170468,32.563,1,0,100,2092
1787410905.4335265,33.579,1,0,100,2092
1787410906.4498084,34.596,1,0,100,2092
1787410907.466314,35.612,1,0,100,2092
1787410908.4842308,36.63,1,0,100,2092
1787410909.5010245,37.647,1,0,100,2092
1787410910.5174756,38.663,1,0,100,2092
1787410911.5339034,39.68,1,0,100,2092
1787410912.5503001,40.696,1,0,99,2092
1787410913.5667984,41.713,1,0,100,2092
1787410914.5829158,42.729,1,0,100,2092
1787410915.5992172,43.745,1,0,100,2092
1787410916.6154342,44.761,1,0,100,2092
1787410917.63184,45.778,1,0,100,2092
1787410918.6483705,46.794,1,0,100,2092
1787410919.6654282,47.811,1,0,100,2092
1787410920.6829436,48.829,1,0,100,2092
1787410921.6990118,49.845,1,0,99,2092
1787410922.7155619,50.861,1,0,100,2092
1787410923.732474,51.878,1,0,100,2092
1787410924.7492073,52.895,1,0,100,2092
1787410925.7659342,53.912,1,0,100,2092
1787410926.7821774,54.928,1,0,100,2092
1787410927.7987401,55.945,1,0,100,2092
1787410928.8154376,56.961,1,0,97,2094
1787410929.831743,57.978,1,0,100,2094
1787410930.8490229,58.995,1,0,100,2094
1787410931.8655636,60.011,1,0,96,2094
1787410932.8823159,61.028,1,0,100,2094
1787410933.8986654,62.045,1,0,100,2094
1787410934.9148839,63.061,1,0,100,2094
1787410935.9316492,64.077,1,0,100,2094
1787410936.947979,65.094,1,0,100,2094
1787410937.9644306,66.11,1,0,100,2094
1787410938.9812977,67.127,1,0,100,2094
1787410939.9991884,68.145,1,0,100,2094
1787410941.0163193,69.162,1,0,100,2094
1787410942.032676,70.179,1,0,100,2094
1787410943.0493464,71.195,1,0,99,2094
1787410944.065587,72.211,1,0,100,2094
1787410945.0818303,73.228,1,0,100,2094
1787410946.0982475,74.244,1,0,100,2094
1787410947.1147149,75.261,1,0,100,2094
1787410948.1312125,76.277,1,0,100,2094
1787410949.1478121,77.294,1,0,100,2094
1787410950.165197,78.311,1,0,99,2094
1787410951.183177,79.329,1,0,100,2094
1787410952.199569,80.345,1,0,99,2094
1787410953.2160451,81.362,1,0,100,2094
1787410954.2326243,82.378,1,0,100,2094
1787410955.248967,83.395,1,0,100,2094
1787410956.2656403,84.411,1,0,100,2094
1787410957.2817385,85.428,1,0,100,2094
1787410958.2979212,86.444,1,0,100,2094
1787410959.3150144,87.461,1,0,100,2094
1787410960.3310544,88.477,1,0,100,2094
1787410961.3480906,89.494,1,0,100,2094
1787410962.3645387,90.51,1,0,99,2094
1787410963.3810792,91.527,1,0,100,2094
1787410964.3975282,92.543,1,0,100,2094
1787410965.4138634,93.56,1,0,100,2094
1787410966.4304357,94.576,1,0,100,2094
1787410967.4471004,95.593,1,0,100,2094
1787410968.463559,96.609,1,0,100,2094
1787410969.4819071,97.628,1,0,100,2094
1787410970.4985774,98.644,1,0,100,2094
1787410971.514952,99.661,1,0,100,2094
1787410972.531493,100.677,1,0,99,2094
1787410973.5477977,101.694,1,0,100,2094
1787410974.564055,102.71,1,0,100,2094
1787410975.5804358,103.726,1,0,100,2094
1787410976.5967963,104.743,1,0,100,2094
1787410977.6131926,105.759,1,0,100,2094
1787410978.6299126,106.776,1,0,100,2094
1787410979.6470356,107.793,1,0,100,2094
1787410980.6643023,108.81,1,0,100,2094
1787410981.681487,109.827,1,0,100,2094
1787410982.6978405,110.844,1,0,99,2094
1787410983.7149425,111.861,1,0,100,2094
1787410984.731689,112.878,1,0,100,2094
1787410985.7484505,113.894,1,0,100,2094
1787410986.7647216,114.911,1,0,100,2094
1787410987.7810507,115.927,1,0,100,2094
1787410988.7983894,116.944,1,0,100,2094
1787410989.8149552,117.961,1,0,100,2094
1787410990.832169,118.978,1,0,100,2094
1787410991.8485448,119.994,1,0,100,2094
1787410992.8650944,121.011,1,0,99,2094
1787410993.8817234,122.028,1,0,100,2094
1787410994.9044447,123.05,1,0,100,2094
1787410995.923511,124.069,1,0,100,2094
1787410996.940089,125.086,1,0,100,2094
1787410997.9564059,126.102,1,0,100,2094
1787410998.9733033,127.119,1,0,100,2094
1787410999.9895267,128.135,1,0,100,2094
1787411001.0060384,129.152,1,0,98,2094
1787411002.022731,130.169,1,0,100,2094
1787411003.0389454,131.185,1,0,100,2094
1787411004.0551295,132.201,1,0,100,2094
1787411005.0714464,133.217,1,0,100,2094
1787411006.0878143,134.234,1,0,100,2094
1787411007.10408,135.25,1,0,100,2094
1787411008.1202898,136.266,1,0,100,2094
1787411009.1369767,137.283,1,0,100,2094
1787411010.153347,138.299,1,0,100,2094
1787411011.1696553,139.316,1,0,100,2094
1787411012.185962,140.332,1,0,100,2094
1787411013.202279,141.348,1,0,100,2094
1787411014.2187624,142.365,1,0,100,2094
1787411015.2352314,143.381,1,0,100,2094
1787411016.251691,144.398,1,0,100,2094
1787411017.2684464,145.414,1,0,100,2094
1787411018.285181,146.431,1,0,100,2094
1787411019.301985,147.448,1,0,100,2094
1787411020.3193626,148.465,1,0,100,2094
1787411021.336598,149.482,1,0,100,2094
1787411022.353605,150.499,1,0,100,2094
1787411023.3702679,151.516,1,0,100,2094
1787411024.3870726,152.533,1,0,100,2094
1787411025.4038231,153.55,1,0,100,2094
1787411026.4203968,154.566,1,0,100,2094
1787411027.4369743,155.583,1,0,100,2094
1787411028.45372,156.6,1,0,100,2094
1787411029.4702506,157.616,1,0,100,2094
1787411030.4869068,158.633,1,0,100,2094
1787411031.503312,159.649,1,0,100,2094
1787411032.5203052,160.666,1,0,100,2094
1787411033.537091,161.683,1,0,100,2094
1787411034.5536509,162.699,1,0,100,2094
1787411035.5705366,163.716,1,0,100,2094
1787411036.5872335,164.733,1,0,100,2094
1787411037.603912,165.75,1,0,100,2094
1787411038.6205842,166.766,1,0,100,2094
1787411039.6373906,167.783,1,0,100,2094
1787411040.6540902,168.8,1,0,100,2094
1787411041.6710415,169.817,1,0,100,2094
1787411042.6879306,170.834,1,0,100,2094
1787411043.7045124,171.85,1,0,100,2094
1787411044.7213953,172.867,1,0,98,2094
1787411045.7379706,173.884,1,0,100,2094
1787411046.7546947,174.901,1,0,100,2094
1787411047.7713618,175.917,1,0,100,2094
1787411048.7878804,176.934,1,0,100,2094
1787411049.804589,177.95,1,0,100,2094
1787411050.8210247,178.967,1,0,100,2094
1787411051.8381429,179.984,1,0,100,2094
1787411052.8552876,181.001,1,0,100,2094
1787411053.872092,182.018,1,0,100,2094
1787411054.8885877,183.034,1,0,99,2094
1787411055.9051642,184.051,1,0,100,2094
1787411056.9217517,185.068,1,0,100,2094
1787411057.938302,186.084,1,0,100,2094
1787411058.9561193,187.102,1,0,100,2094
1787411059.9727445,188.119,1,0,100,2094
1787411060.9908242,189.137,1,0,100,2094
1787411062.0074754,190.153,1,0,99,2094
1787411063.0248277,191.171,1,0,100,2094
1787411064.0417132,192.188,1,0,100,2094
1787411065.0586312,193.204,1,0,99,2094
1787411066.0753632,194.221,1,0,100,2094
1787411067.0920784,195.238,1,0,100,2094
1787411068.108722,196.255,1,0,100,2094
1787411069.1251595,197.271,1,0,100,2094
1787411070.1415613,198.287,1,0,100,2094
1787411071.158627,199.304,1,0,99,2094
1787411072.1747334,200.321,1,0,100,2094
1787411073.1911397,201.337,1,0,99,2094
1787411074.2074862,202.353,1,0,100,2094
1787411075.224031,203.37,1,0,100,2094
1787411076.242111,204.388,1,0,100,2094
1787411077.2591643,205.405,1,0,100,2094
1787411078.2755089,206.421,1,0,100,2094
1787411079.2918732,207.438,1,0,100,2094
1787411080.3083117,208.454,1,0,100,2094
1787411081.32539,209.471,1,0,99,2094
1787411082.3432822,210.489,1,0,100,2094
1787411083.3597405,211.506,1,0,99,2094
1787411084.3760254,212.522,1,0,100,2094
1787411085.3928676,213.539,1,0,100,2094
1787411086.4092543,214.555,1,0,100,2094
1787411087.4254792,215.571,1,0,100,2094
1787411088.4414568,216.587,1,0,100,2094
1787411089.4579587,217.604,1,0,100,2094
1787411090.4744656,218.62,1,0,100,2094
1787411091.4911227,219.637,1,0,100,2094
1787411092.5082657,220.654,1,0,100,2094
1787411093.5265749,221.672,1,0,99,2094
1787411094.5431929,222.689,1,0,100,2094
1787411095.5595522,223.705,1,0,100,2094
1787411096.5758877,224.722,1,0,100,2094
1787411097.5923343,225.738,1,0,100,2094
1787411098.6085916,226.754,1,0,100,2094
1787411099.62551,227.771,1,0,100,2094
1787411100.6427062,228.789,1,0,100,2094
1787411101.6588953,229.805,1,0,100,2094
1787411102.6752121,230.821,1,0,100,2094
1787411103.6916537,231.838,1,0,99,2094
1787411104.7080262,232.854,1,0,100,2094
1787411105.7241347,233.87,1,0,100,2094
1787411106.740528,234.886,1,0,100,2094
1787411107.756811,235.903,1,0,100,2094
1787411108.773252,236.919,1,0,100,2094
1787411109.7897725,237.936,1,0,100,2094
1787411110.807364,238.953,1,0,100,2094
1787411111.8252842,239.971,1,0,100,2094
1787411112.842054,240.988,1,0,100,2094
1787411113.8585222,242.004,1,0,99,2094
1787411114.8752396,243.021,1,0,100,2094
1787411115.891502,244.037,1,0,100,2094
1787411116.9077053,245.054,1,0,100,2094
1787411117.9239752,246.07,1,0,100,2094
1787411118.940361,247.086,1,0,100,2094
1787411119.956961,248.103,1,0,100,2094
1787411120.9734526,249.119,1,0,100,2094
1787411121.9909558,250.137,1,0,100,2094
1787411123.0074327,251.153,1,0,92,2094
1787411124.0332227,252.179,1,0,97,2094
1787411125.0505645,253.196,1,0,100,2094
1787411126.068155,254.214,1,0,100,2094
1787411127.0910676,255.237,1,0,100,2094
1787411128.1078174,256.254,1,0,100,2094
1787411129.1248724,257.271,1,0,100,2094
1787411130.142504,258.288,1,0,100,2094
1787411131.159245,259.305,1,0,99,2094
1787411132.175716,260.322,1,0,100,2094
1787411133.1923032,261.338,1,0,99,2094
1787411134.2085707,262.354,1,0,100,2094
1787411135.2251132,263.371,1,0,100,2094
1787411136.2421117,264.388,1,0,100,2094
1787411137.2587419,265.405,1,0,100,2094
1787411138.2755635,266.421,1,0,100,2094
1787411139.2935672,267.439,1,0,100,2094
1787411140.3112857,268.457,1,0,100,2094
1787411141.3287916,269.475,1,0,100,2094
1787411142.3455675,270.491,1,0,100,2094
1787411143.3617525,271.508,1,0,99,2094
1787411144.378465,272.524,1,0,100,2094
1787411145.3950062,273.541,1,0,100,2094
1787411146.4113436,274.557,1,0,100,2094
1787411147.4278164,275.574,1,0,100,2094
1787411148.444381,276.59,1,0,100,2094
1787411149.461581,277.607,1,0,100,2094
1787411150.4786024,278.624,1,0,100,2094
1787411151.4965403,279.642,1,0,100,2094
1787411152.512832,280.659,1,0,99,2094
1787411153.5292053,281.675,1,0,100,2094
1787411154.545511,282.691,1,0,100,2094
1787411155.5627859,283.709,1,0,100,2094
1787411156.5802424,284.726,1,0,100,2094
1787411157.5968323,285.743,1,0,100,2094
1787411158.6135738,286.759,1,0,100,2094
1787411159.6306083,287.776,1,0,100,2094
1787411160.64685,288.793,1,0,100,2094
1787411161.6632068,289.809,1,0,100,2094
1787411162.6799283,290.826,1,0,99,2094
1787411163.6965714,291.842,1,0,100,2094
1787411164.71297,292.859,1,0,100,2094
1787411165.7293947,293.875,1,0,100,2094
1787411166.745859,294.892,1,0,100,2094
1787411167.7626066,295.908,1,0,100,2094
1787411168.778977,296.925,1,0,100,2094
1787411169.7963881,297.942,1,0,100,2094
1787411170.8134623,298.959,1,0,100,2094
1787411171.8298,299.976,1,0,100,2094
1787411172.8460455,300.992,1,0,99,2094
1787411173.8622262,302.008,1,0,100,2094
1787411174.87867,303.025,1,0,100,2094
1787411175.8952174,304.041,1,0,100,2094
1787411176.9116356,305.057,1,0,100,2094
1787411177.927893,306.074,1,0,100,2094
1787411178.9440284,307.09,1,0,100,2094
1787411179.9605088,308.106,1,0,100,2094
1787411180.9770734,309.123,1,0,100,2094
1787411181.9947278,310.141,1,0,100,2094
1787411183.0112402,311.157,1,0,100,2094
1787411184.0272875,312.173,1,0,100,2094
1787411185.043945,313.19,1,0,100,2094
1787411186.060232,314.206,1,0,100,2094
1787411187.076473,315.222,1,0,100,2094
1787411188.0930853,316.239,1,0,100,2094
1787411189.1092536,317.255,1,0,100,2094
1787411190.1256862,318.272,1,0,100,2094
1787411191.141987,319.288,1,0,100,2094
1787411192.1581483,320.304,1,0,100,2094
1787411193.1743786,321.32,1,0,100,2094
1787411194.190715,322.337,1,0,100,2094
1787411195.2072551,323.353,1,0,100,2094
1787411196.223556,324.369,1,0,100,2094
1787411197.2399535,325.386,1,0,100,2094
1787411198.2562158,326.402,1,0,100,2094
1787411199.272559,327.418,1,0,100,2094
1787411200.2890778,328.435,1,0,100,2094
1787411201.305415,329.451,1,0,100,2094
1787411202.3216856,330.468,1,0,100,2094
1787411203.3380666,331.484,1,0,100,2094
1787411204.354384,332.5,1,0,100,2094
1787411205.370848,333.517,1,0,100,2094
1787411206.3872564,334.533,1,0,100,2094
1787411207.40355,335.549,1,0,100,2094
1787411208.4198983,336.566,1,0,100,2094
1787411209.4362125,337.582,1,0,100,2094
1787411210.452533,338.598,1,0,100,2094
1787411211.468838,339.615,1,0,100,2094
1787411212.4851887,340.631,1,0,100,2094
1787411213.501775,341.648,1,0,100,2094
1787411214.518371,342.664,1,0,100,2094
1787411215.5350485,343.681,1,0,99,2094
1787411216.5517,344.698,1,0,100,2094
1787411217.5681493,345.714,1,0,100,2094
1787411218.584592,346.73,1,0,100,2094
1787411219.6009705,347.747,1,0,100,2094
1787411220.6172132,348.763,1,0,100,2094
1787411221.6341007,349.78,1,0,100,2094
1787411222.6505663,350.796,1,0,100,2094
1787411223.6692314,351.815,1,0,100,2094
1787411224.6857507,352.832,1,0,99,2094
1787411225.7024508,353.848,1,0,100,2094
1787411226.7190413,354.865,1,0,100,2094
1787411227.7358997,355.882,1,0,100,2094
1787411228.7522483,356.898,1,0,100,2094
1787411229.768713,357.915,1,0,100,2094
1787411230.7853923,358.931,1,0,100,2094
1787411231.8025875,359.948,1,0,100,2094
1787411232.8195226,360.965,1,0,100,2094
1787411233.8375235,361.983,1,0,100,2094
1787411234.8541498,363.0,1,0,99,2094
1787411235.8707325,364.017,1,0,100,2094
1787411236.8872738,365.033,1,0,100,2094
1787411237.9037054,366.05,1,0,100,2094
1787411238.9201853,367.066,1,0,100,2094
1787411239.9369056,368.083,1,0,100,2094
1787411240.953251,369.099,1,0,100,2094
1787411241.970831,370.117,1,0,99,2094
1787411242.9879706,371.134,1,0,100,2094
1787411244.0041766,372.15,1,0,100,2094
1787411245.0206108,373.166,1,0,99,2094
1787411246.0368564,374.183,1,0,100,2094
1787411247.0534184,375.199,1,0,100,2094
1787411248.0700443,376.216,1,0,100,2094
1787411249.086529,377.232,1,0,100,2094
1787411250.10312,378.249,1,0,100,2094
1787411251.1194663,379.265,1,0,100,2094
1787411252.1397033,380.286,1,0,99,2094
1787411253.1583,381.304,1,0,100,2094
1787411254.1751728,382.321,1,0,99,2094
1787411255.191985,383.338,1,0,100,2094
1787411256.2085834,384.354,1,0,100,2094
1787411257.2253,385.371,1,0,100,2094
1787411258.2415688,386.387,1,0,100,2094
1787411259.2580237,387.404,1,0,100,2094
1787411260.2744496,388.42,1,0,100,2094
1787411261.2914288,389.437,1,0,100,2094
1787411262.3078444,390.454,1,0,99,2094
1787411263.3249612,391.471,1,0,100,2094
1787411264.3414152,392.487,1,0,99,2094
1787411265.3577938,393.504,1,0,100,2094
1787411266.374381,394.52,1,0,100,2094
1787411267.3906481,395.536,1,0,100,2094
1787411268.4072597,396.553,1,0,100,2094
1787411269.4237213,397.57,1,0,100,2094
1787411270.4399636,398.586,1,0,100,2094
1787411271.4586995,399.605,1,0,100,2094
1787411272.4753969,400.621,1,0,100,2094
1787411273.4932294,401.639,1,0,100,2094
1787411274.509719,402.656,1,0,99,2094
1787411275.526058,403.672,1,0,100,2094
1787411276.5426972,404.689,1,0,100,2094
1787411277.5597186,405.706,1,0,100,2094
1787411278.5777063,406.724,1,0,100,2094
1787411279.595225,407.741,1,0,100,2094
1787411280.6114676,408.757,1,0,100,2094
1787411281.628268,409.774,1,0,100,2094
1787411282.6471643,410.793,1,0,100,2094
1787411283.663848,411.81,1,0,100,2094
1787411284.6802974,412.826,1,0,99,2094
1787411285.697214,413.843,1,0,100,2094
1787411286.7137647,414.86,1,0,100,2094
1787411287.7302444,415.876,1,0,100,2094
1787411288.7464664,416.892,1,0,100,2094
1787411289.7629826,417.909,1,0,100,2094
1787411290.7800093,418.926,1,0,100,2094
1787411291.796206,419.942,1,0,100,2094
1787411292.8131332,420.959,1,0,100,2094
1787411293.8294172,421.975,1,0,100,2094
1787411294.8459005,422.992,1,0,99,2094
1787411295.8620255,424.008,1,0,100,2094
1787411296.878732,425.025,1,0,100,2094
1787411297.895478,426.041,1,0,100,2094
1787411298.9118338,427.058,1,0,100,2094
1787411299.9286149,428.074,1,0,100,2094
1787411300.9458833,429.092,1,0,99,2094
1787411301.9626179,430.108,1,0,100,2094
1787411302.9789717,431.125,1,0,99,2094
1787411303.996623,432.142,1,0,100,2094
1787411305.0130622,433.159,1,0,100,2094
1787411306.0295007,434.175,1,0,100,2094
1787411307.0461426,435.192,1,0,100,2094
1787411308.0624082,436.208,1,0,100,2094
1787411309.078759,437.225,1,0,100,2094
1787411310.1002262,438.246,1,0,100,2094
1787411311.1176639,439.264,1,0,91,2094
1787411312.1350706,440.281,1,0,100,2094
1787411313.1521187,441.298,1,0,99,2094
1787411314.1685517,442.314,1,0,100,2094
1787411315.1851609,443.331,1,0,100,2094
1787411316.201816,444.348,1,0,100,2094
1787411317.2184212,445.364,1,0,100,2094
1787411318.2353287,446.381,1,0,100,2094
1787411319.2519543,447.398,1,0,100,2094
1787411320.2685907,448.414,1,0,100,2094
1787411321.2851849,449.431,1,0,100,2094
1787411322.3025331,450.448,1,0,100,2094
1787411323.3188527,451.465,1,0,99,2094
1787411324.3354154,452.481,1,0,100,2094
1787411325.3517697,453.498,1,0,100,2094
1787411326.3680599,454.514,1,0,100,2094
1787411327.384496,455.53,1,0,100,2094
1787411328.4013326,456.547,1,0,100,2094
1787411329.4177582,457.564,1,0,100,2094
1787411330.4349535,458.581,1,0,100,2094
1787411331.4516902,459.598,1,0,100,2094
1787411332.468009,460.614,1,0,100,2094
1787411333.4847198,461.631,1,0,99,2094
1787411334.502488,462.648,1,0,100,2094
1787411335.5188777,463.665,1,0,100,2094
1787411336.5355165,464.681,1,0,100,2094
1787411337.5521514,465.698,1,0,100,2094
1787411338.5689955,466.715,1,0,100,2094
1787411339.5852695,467.731,1,0,100,2094
1787411340.602543,468.748,1,0,100,2094
1787411341.6199622,469.766,1,0,100,2094
1787411342.6364381,470.782,1,0,100,2094
1787411343.6526246,471.798,1,0,99,2094
1787411344.66895,472.815,1,0,100,2094
1787411345.685522,473.831,1,0,100,2094
1787411346.7020435,474.848,1,0,100,2094
1787411347.7184238,475.864,1,0,100,2094
1787411348.7346437,476.88,1,0,100,2094
1787411349.751454,477.897,1,0,100,2094
1787411350.7680595,478.914,1,0,100,2094
1787411351.7847455,479.931,1,0,100,2094
1787411352.8010504,480.947,1,0,100,2094
1787411353.8174348,481.963,1,0,100,2094
1787411354.8336782,482.98,1,0,100,2094
1787411355.8503008,483.996,1,0,100,2094
1787411356.8667567,485.013,1,0,100,2094
1787411357.8834248,486.029,1,0,100,2094
1787411358.8997056,487.046,1,0,100,2094
1787411359.916211,488.062,1,0,100,2094
1787411360.9323473,489.078,1,0,100,2094
1787411361.9487553,490.095,1,0,100,2094
1787411362.9654777,491.111,1,0,100,2094
1787411363.981833,492.128,1,0,100,2094
1787411364.9985871,493.144,1,0,100,2094
1787411366.0151443,494.161,1,0,100,2094
1787411367.0315568,495.177,1,0,100,2094
1787411368.0479624,496.194,1,0,100,2094
1787411369.0644174,497.21,1,0,100,2094
1787411370.0810573,498.227,1,0,100,2094
1787411371.0974956,499.243,1,0,100,2094
1787411372.1145194,500.26,1,0,100,2094
1787411373.1312141,501.277,1,0,100,2094
1787411374.1477466,502.294,1,0,100,2094
1787411375.1642134,503.31,1,0,100,2094
1787411376.18088,504.327,1,0,100,2094
1787411377.1976807,505.344,1,0,100,2094
1787411378.214525,506.36,1,0,100,2094
1787411379.230895,507.377,1,0,100,2094
1787411380.2523985,508.398,1,0,100,2094
1787411381.2698786,509.416,1,0,100,2094
1787411382.286739,510.433,1,0,100,2094
1787411383.3034854,511.449,1,0,100,2094
1787411384.3204324,512.466,1,0,100,2094
1787411385.3367386,513.483,1,0,99,2094
1787411386.3531992,514.499,1,0,100,2094
1787411387.3696735,515.516,1,0,100,2094
1787411388.3859756,516.532,1,0,100,2094
1787411389.402283,517.548,1,0,100,2094
1787411390.4186263,518.564,1,0,100,2094
1787411391.435166,519.581,1,0,100,2094
1787411392.4520736,520.598,1,0,100,2094
1787411393.4688447,521.615,1,0,100,2094
1787411394.4864159,522.632,1,0,100,2094
1787411395.5083535,523.654,1,0,99,2094
1787411396.5249224,524.671,1,0,100,2094
1787411397.5412154,525.687,1,0,100,2094
1787411398.5576081,526.703,1,0,100,2094
1787411399.574089,527.72,1,0,100,2094
1787411400.590622,528.736,1,0,100,2094
1787411401.6071835,529.753,1,0,100,2094
1787411402.624437,530.77,1,0,100,2094
1787411403.640858,531.787,1,0,100,2094
1787411404.658038,532.804,1,0,100,2094
1787411405.6742396,533.82,1,0,99,2094
1787411406.6916509,534.837,1,0,100,2094
1787411407.7079868,535.854,1,0,100,2094
1787411408.7245104,536.87,1,0,100,2094
1787411409.7417593,537.888,1,0,100,2094
1787411410.7587109,538.905,1,0,100,2094
1787411411.77638,539.922,1,0,100,2094
1787411412.7947063,540.941,1,0,100,2094
1787411413.8141444,541.96,1,0,100,2094
1787411414.8316011,542.977,1,0,100,2094
1787411415.848871,543.995,1,0,99,2094
1787411416.866966,545.013,1,0,100,2094
1787411417.8840938,546.03,1,0,100,2094
1787411418.9012837,547.047,1,0,100,2094
1787411419.918187,548.064,1,0,100,2094
1787411420.9352705,549.081,1,0,100,2094
1787411421.9522202,550.098,1,0,100,2094
1787411422.9690785,551.115,1,0,99,2094
1787411423.9872584,552.133,1,0,100,2094
1787411425.004002,553.15,1,0,99,2094
1787411426.0211096,554.167,1,0,100,2094
1787411427.0380058,555.184,1,0,100,2094
1787411428.0548794,556.201,1,0,100,2094
1787411429.0720162,557.218,1,0,100,2094
1787411430.0889597,558.235,1,0,100,2094
1787411431.1061876,559.252,1,0,100,2094
1787411432.1233735,560.269,1,0,100,2094
1787411433.1399958,561.286,1,0,99,2094
1787411434.1568992,562.303,1,0,100,2094
1787411435.1737947,563.32,1,0,99,2094
1787411436.1905468,564.336,1,0,100,2094
1787411437.2072983,565.353,1,0,100,2094
1787411438.2247899,566.371,1,0,100,2094
1787411439.2417662,567.388,1,0,100,2094
1787411440.2588596,568.405,1,0,100,2094
1787411441.27575,569.422,1,0,100,2094
1787411442.2933369,570.439,1,0,100,2094
1787411443.3109875,571.457,1,0,100,2094
1787411444.3278763,572.474,1,0,100,2094
1787411445.3445747,573.49,1,0,99,2094
1787411446.3609214,574.507,1,0,100,2094
1787411447.3773463,575.523,1,0,100,2094
1787411448.3936758,576.54,1,0,100,2094
1787411449.410238,577.556,1,0,100,2094
1787411450.426813,578.573,1,0,100,2094
1787411451.4431517,579.589,1,0,100,2094
1787411452.459668,580.606,1,0,100,2094
1787411453.478474,581.624,1,0,100,2094
1787411454.4947996,582.641,1,0,99,2094
1787411455.5116498,583.657,1,0,100,2094
1787411456.5279367,584.674,1,0,100,2094
1787411457.5443144,585.69,1,0,100,2094
1787411458.561048,586.707,1,0,100,2094
1787411459.5774112,587.723,1,0,100,2094
1787411460.5937443,588.74,1,0,100,2094
1787411461.61107,589.757,1,0,100,2094
1787411462.6274126,590.773,1,0,100,2094
1787411463.6438165,591.79,1,0,100,2094
1787411464.6600885,592.806,1,0,99,2094
1787411465.6763697,593.822,1,0,100,2094
1787411466.6926343,594.838,1,0,100,2094
1787411467.709136,595.855,1,0,100,2094
1787411468.72547,596.871,1,0,100,2094
1787411469.7419195,597.888,1,0,100,2094
1787411470.7584114,598.904,1,0,100,2094
1787411471.7760787,599.922,1,0,99,2094
1787411472.793651,600.939,1,0,100,2094
1787411473.8101926,601.956,1,0,99,2094
1787411474.8266218,602.972,1,0,100,2094
1787411475.8431377,603.989,1,0,100,2094
1787411476.8597982,605.006,1,0,100,2094
1787411477.8762841,606.022,1,0,100,2094
1787411478.892866,607.039,1,0,100,2094
1787411479.9093251,608.055,1,0,100,2094
1787411480.9256675,609.072,1,0,100,2094
1787411481.9424903,610.088,1,0,99,2094
1787411482.9616754,611.108,1,0,100,2094
1787411483.978379,612.124,1,0,99,2094
1787411484.9951334,613.141,1,0,100,2094
1787411486.0123663,614.158,1,0,100,2094
1787411487.0291307,615.175,1,0,100,2094
1787411488.046238,616.192,1,0,100,2094
1787411489.0630891,617.209,1,0,100,2094
1787411490.07945,618.225,1,0,100,2094
1787411491.0968478,619.243,1,0,100,2094
1787411492.1134248,620.259,1,0,100,2094
1787411493.129917,621.276,1,0,100,2094
1787411494.1465917,622.292,1,0,99,2094
1787411495.1632962,623.309,1,0,100,2094
1787411496.1796656,624.326,1,0,100,2094
1787411497.196137,625.342,1,0,100,2094
1787411498.2128446,626.359,1,0,100,2094
1787411499.2295482,627.375,1,0,100,2094
1787411500.246317,628.392,1,0,100,2094
1787411501.2636673,629.41,1,0,100,2094
1787411502.2812366,630.427,1,0,100,2094
1787411503.2977784,631.444,1,0,100,2094
1787411504.3141,632.46,1,0,99,2094
1787411505.3304944,633.476,1,0,100,2094
1787411506.3470173,634.493,1,0,100,2094
1787411507.3633657,635.509,1,0,100,2094
1787411508.379672,636.526,1,0,100,2094
1787411509.3959165,637.542,1,0,100,2094
1787411510.4125926,638.558,1,0,100,2094
1787411511.4288359,639.575,1,0,100,2094
1787411512.4456449,640.591,1,0,100,2094
1787411513.4620075,641.608,1,0,100,2094
1787411514.4786565,642.625,1,0,100,2094
1787411515.4996421,643.645,1,0,100,2094
1787411516.5172892,644.663,1,0,100,2094
1787411517.5341458,645.68,1,0,100,2094
1787411518.5506923,646.697,1,0,100,2094
1787411519.5677867,647.714,1,0,100,2094
1787411520.5841649,648.73,1,0,100,2094
1787411521.6010084,649.747,1,0,100,2094
1787411522.6174603,650.763,1,0,100,2094
1787411523.6338956,651.78,1,0,100,2094
1787411524.650131,652.796,1,0,100,2094
1787411525.666596,653.812,1,0,100,2094
1787411526.683198,654.829,1,0,100,2094
1787411527.7001824,655.846,1,0,100,2094
1787411528.7169774,656.863,1,0,100,2094
1787411529.7338302,657.88,1,0,100,2094
1787411530.7518651,658.898,1,0,100,2094
1787411531.768787,659.915,1,0,100,2094
1787411532.7859676,660.932,1,0,100,2094
1787411533.8027751,661.949,1,0,100,2094
1787411534.819604,662.965,1,0,100,2094
1787411535.8367646,663.983,1,0,100,2094
1787411536.8536937,665.0,1,0,100,2094
1787411537.8703349,666.016,1,0,100,2094
1787411538.8871603,667.033,1,0,100,2094
1787411539.9043403,668.05,1,0,100,2094
1787411540.9218068,669.068,1,0,100,2094
1787411541.9399374,670.086,1,0,100,2094
1787411542.9573517,671.103,1,0,100,2094
1787411543.975037,672.121,1,0,100,2094
1787411544.9926796,673.139,1,0,100,2094
1787411546.010699,674.157,1,0,99,2094
1787411547.0276847,675.174,1,0,100,2094
1787411548.0453045,676.191,1,0,100,2094
1787411549.0623586,677.208,1,0,100,2094
1787411550.0794492,678.225,1,0,100,2094
1787411551.096203,679.242,1,0,100,2094
1787411552.1130724,680.259,1,0,100,2094
1787411553.1298685,681.276,1,0,100,2094
1787411554.146616,682.292,1,0,99,2094
1787411555.1648622,683.311,1,0,100,2094
1787411556.1812987,684.327,1,0,99,2094
1787411557.1981864,685.344,1,0,100,2094
1787411558.2153194,686.361,1,0,100,2094
1787411559.2321706,687.378,1,0,100,2094
1787411560.2487495,688.395,1,0,100,2094
1787411561.265506,689.411,1,0,100,2094
1787411562.2828212,690.429,1,0,100,2094
1787411563.3002,691.446,1,0,100,2094
1787411564.3166068,692.462,1,0,100,2094
1787411565.3338635,693.48,1,0,100,2094
1787411566.3506465,694.496,1,0,99,2094
1787411567.3674772,695.513,1,0,100,2094
1787411568.384146,696.53,1,0,100,2094
1787411569.4004533,697.546,1,0,100,2094
1787411570.4171264,698.563,1,0,100,2094
1787411571.433614,699.579,1,0,100,2094
1787411572.4500694,700.596,1,0,100,2094
1787411573.4680617,701.614,1,0,100,2094
1787411574.4855752,702.631,1,0,100,2094
1787411575.5025496,703.648,1,0,100,2094
1787411576.5189543,704.665,1,0,99,2094
1787411577.5355835,705.681,1,0,100,2094
1787411578.551977,706.698,1,0,100,2094
1787411579.5683434,707.714,1,0,100,2094
1787411580.5846057,708.73,1,0,100,2094
1787411581.601138,709.747,1,0,100,2094
1787411582.6181846,710.764,1,0,100,2094
1787411583.6347523,711.781,1,0,100,2094
1787411584.6527028,712.799,1,0,100,2094
1787411585.6688974,713.815,1,0,100,2094
1787411586.6850789,714.831,1,0,99,2094
1787411587.701352,715.847,1,0,100,2094
1787411588.7176478,716.863,1,0,100,2094
1787411589.7340908,717.88,1,0,100,2094
1787411590.7504363,718.896,1,0,100,2094
1787411591.7668507,719.913,1,0,100,2094
1787411592.7841978,720.93,1,0,100,2094
1787411593.800857,721.947,1,0,99,2094
1787411594.8173072,722.963,1,0,100,2094
1787411595.8336518,723.979,1,0,100,2094
1787411596.8502192,724.996,1,0,100,2094
1787411597.8664837,726.012,1,0,100,2094
1787411598.883631,727.029,1,0,100,2094
1787411599.9000945,728.046,1,0,100,2094
1787411600.916624,729.062,1,0,100,2094
1787411601.9329755,730.079,1,0,100,2094
1787411602.9502041,731.096,1,0,99,2094
1787411603.9669883,732.113,1,0,100,2094
1787411604.9838285,733.13,1,0,99,2094
1787411606.0004377,734.146,1,0,100,2094
1787411607.0172374,735.163,1,0,100,2094
1787411608.034368,736.18,1,0,100,2094
1787411609.0514207,737.197,1,0,100,2094
1787411610.0681837,738.214,1,0,100,2094
1787411611.0852528,739.231,1,0,100,2094
1787411612.1020823,740.248,1,0,100,2094
1787411613.1190205,741.265,1,0,100,2094
1787411614.1380663,742.284,1,0,100,2094
1787411615.1548948,743.301,1,0,99,2094
1787411616.17187,744.318,1,0,100,2094
1787411617.1883035,745.334,1,0,100,2094
1787411618.2050846,746.351,1,0,100,2094
1787411619.2213528,747.367,1,0,100,2094
1787411620.2378137,748.384,1,0,100,2094
1787411621.254293,749.4,1,0,100,2094
1787411622.271466,750.417,1,0,100,2094
1787411623.2878456,751.434,1,0,100,2094
1787411624.3050337,752.451,1,0,100,2094
1787411625.3214664,753.467,1,0,99,2094
1787411626.33854,754.484,1,0,100,2094
1787411627.3551714,755.501,1,0,100,2094
1787411628.3717513,756.518,1,0,100,2094
1787411629.3880596,757.534,1,0,100,2094
1787411630.4046705,758.551,1,0,100,2094
1787411631.4208455,759.567,1,0,100,2094
1787411632.438028,760.584,1,0,100,2094
1787411633.4552486,761.601,1,0,100,2094
1787411634.471612,762.617,1,0,100,2094
1787411635.4882915,763.634,1,0,99,2094
1787411636.5061433,764.652,1,0,100,2094
1787411637.5225341,765.668,1,0,100,2094
1787411638.539267,766.685,1,0,100,2094
1787411639.555719,767.702,1,0,100,2094
1787411640.5725996,768.718,1,0,100,2094
1787411641.5887547,769.735,1,0,100,2094
1787411642.605349,770.751,1,0,99,2094
1787411643.6303563,771.776,1,0,100,2094
1787411644.649308,772.795,1,0,100,2094
1787411645.6661036,773.812,1,0,99,2094
1787411646.6831903,774.829,1,0,100,2094
1787411647.6998668,775.846,1,0,100,2094
1787411648.7164395,776.862,1,0,100,2094
1787411649.7329097,777.879,1,0,100,2094
1787411650.7494874,778.895,1,0,100,2094
1787411651.766569,779.912,1,0,100,2094
1787411652.78338,780.929,1,0,99,2094
1787411653.8009942,781.947,1,0,100,2094
1787411654.8177826,782.964,1,0,99,2094
1787411655.8348951,783.981,1,0,100,2094
1787411656.8517601,784.998,1,0,100,2094
1787411657.8687897,786.015,1,0,100,2094
1787411658.8854113,787.031,1,0,100,2094
1787411659.9023497,788.048,1,0,100,2094
1787411660.9194133,789.065,1,0,100,2094
1787411661.9380252,790.084,1,0,100,2094
1787411662.9550614,791.101,1,0,100,2094
1787411663.9722962,792.118,1,0,100,2094
1787411664.9890363,793.135,1,0,99,2094
1787411666.0070887,794.153,1,0,100,2094
1787411667.0238924,795.17,1,0,100,2094
1787411668.0407429,796.187,1,0,100,2094
1787411669.0580578,797.204,1,0,100,2094
1787411670.0753906,798.221,1,0,100,2094
1787411671.092418,799.238,1,0,100,2094
1787411672.1090927,800.255,1,0,100,2094
1787411673.1258967,801.272,1,0,100,2094
1787411674.1427026,802.289,1,0,100,2094
1787411675.1594467,803.305,1,0,100,2094
1787411676.176373,804.322,1,0,100,2094
1787411677.194795,805.341,1,0,100,2094
1787411678.2118366,806.358,1,0,100,2094
1787411679.2287812,807.375,1,0,100,2094
1787411680.2458196,808.392,1,0,100,2094
1787411681.26302,809.409,1,0,100,2094
1787411682.2797692,810.426,1,0,100,2094
1787411683.2968264,811.443,1,0,100,2094
1787411684.3137565,812.46,1,0,100,2094
1787411685.3305178,813.476,1,0,100,2094
1787411686.3474717,814.493,1,0,100,2094
1787411687.3643486,815.51,1,0,100,2094
1787411688.3812714,816.527,1,0,100,2094
1787411689.3983808,817.544,1,0,100,2094
1787411690.4155817,818.561,1,0,100,2094
1787411691.432304,819.578,1,0,100,2094
1787411692.4487538,820.595,1,0,100,2094
1787411693.4654245,821.611,1,0,100,2094
1787411694.482065,822.628,1,0,100,2094
1787411695.4984453,823.644,1,0,100,2094
1787411696.515056,824.661,1,0,100,2094
1787411697.5315928,825.677,1,0,100,2094
1787411698.547824,826.694,1,0,100,2094
1787411699.5744267,827.72,1,0,100,2094
1787411700.5908654,828.737,1,0,100,2094
1787411701.607427,829.753,1,0,100,2094
1787411702.62391,830.77,1,0,100,2094
1787411703.6401885,831.786,1,0,100,2094
1787411704.6567974,832.803,1,0,100,2094
1787411705.6739993,833.82,1,0,100,2094
1787411706.6904945,834.836,1,0,100,2094
1787411707.7073977,835.853,1,0,99,2094
1787411708.7239325,836.87,1,0,100,2094
1787411709.7402792,837.886,1,0,100,2094
1787411710.7568831,838.903,1,0,100,2094
1787411711.7732744,839.919,1,0,100,2094
1787411712.7898264,840.936,1,0,100,2094
1787411713.8063045,841.952,1,0,100,2094
1787411714.8227582,842.969,1,0,99,2094
1787411715.841202,843.987,1,0,100,2094
1787411716.8579578,845.004,1,0,99,2094
1787411717.8745492,846.02,1,0,100,2094
1787411718.8917713,847.038,1,0,100,2094
1787411719.9084678,848.054,1,0,100,2094
1787411720.9250321,849.071,1,0,100,2094
1787411721.941541,850.087,1,0,100,2094
1787411722.9581144,851.104,1,0,100,2094
1787411723.975223,852.121,1,0,100,2094
1787411724.9918416,853.138,1,0,99,2094
1787411726.010516,854.156,1,0,100,2094
1787411727.0268748,855.173,1,0,99,2094
1787411728.0432706,856.189,1,0,100,2094
1787411729.0598495,857.206,1,0,100,2094
1787411730.076646,858.222,1,0,100,2094
1787411731.093626,859.239,1,0,100,2094
1787411732.1100373,860.256,1,0,100,2094
1787411733.1266425,861.272,1,0,100,2094
1787411734.1439378,862.29,1,0,100,2094
1787411735.1605258,863.306,1,0,100,2094
1787411736.1770144,864.323,1,0,100,2094
1787411737.1936228,865.339,1,0,99,2094
1787411738.2101612,866.356,1,0,100,2094
1787411739.2265584,867.372,1,0,100,2094
1787411740.2432113,868.389,1,0,100,2094
1787411741.2602103,869.406,1,0,100,2094
1787411742.2766337,870.422,1,0,100,2094
1787411743.2930279,871.439,1,0,100,2094
1787411744.309763,872.456,1,0,100,2094
1787411745.3284526,873.474,1,0,100,2094
1787411746.3451507,874.491,1,0,99,2094
1787411747.361721,875.508,1,0,100,2094
1787411748.3786695,876.525,1,0,100,2094
1787411749.3955362,877.541,1,0,100,2094
1787411750.4120908,878.558,1,0,100,2094
1787411751.4286444,879.574,1,0,100,2094
1787411752.445171,880.591,1,0,100,2094
1787411753.4619884,881.608,1,0,100,2094
1787411754.4786787,882.625,1,0,100,2094
1787411755.4962268,883.642,1,0,100,2094
1787411756.5132093,884.659,1,0,99,2094
1787411757.5296307,885.675,1,0,100,2094
1787411758.5460544,886.692,1,0,100,2094
1787411759.5626423,887.708,1,0,100,2094
1787411760.5792305,888.725,1,0,100,2094
1787411761.5959015,889.742,1,0,100,2094
1787411762.6125522,890.758,1,0,100,2094
1787411763.6300035,891.776,1,0,99,2094
1787411764.6465585,892.792,1,0,100,2094
1787411765.6632886,893.809,1,0,100,2094
1787411766.6797364,894.826,1,0,99,2094
1787411767.696706,895.843,1,0,100,2094
1787411768.7130408,896.859,1,0,100,2094
1787411769.729426,897.875,1,0,100,2094
1787411770.7460914,898.892,1,0,100,2094
1787411771.762857,899.909,1,0,100,2094
1787411772.7795503,900.925,1,0,100,2094
1787411773.7976518,901.943,1,0,99,2094
1787411774.81595,902.962,1,0,100,2094
1787411775.8327653,903.979,1,0,99,2094
1787411776.8498156,904.996,1,0,100,2094
1787411777.8663454,906.012,1,0,100,2094
1787411778.8828108,907.029,1,0,100,2094
1787411779.8994503,908.045,1,0,100,2094
1787411780.9157972,909.062,1,0,100,2094
1787411781.9401002,910.086,1,0,100,2094
1787411782.9572546,911.103,1,0,100,2094
1787411783.974203,912.12,1,0,99,2094
1787411784.9925456,913.138,1,0,100,2094
1787411786.0092633,914.155,1,0,99,2094
1787411787.0255709,915.171,1,0,100,2094
1787411788.0425498,916.188,1,0,100,2094
1787411789.0595622,917.205,1,0,100,2094
1787411790.076352,918.222,1,0,100,2094
1787411791.0930583,919.239,1,0,100,2094
1787411792.1098833,920.256,1,0,100,2094
1787411793.1270845,921.273,1,0,100,2094
1787411794.1437101,922.29,1,0,100,2094
1787411795.1600847,923.306,1,0,100,2094
1787411796.1764362,924.322,1,0,99,2094
1787411797.192971,925.339,1,0,100,2094
1787411798.2094827,926.355,1,0,100,2094
1787411799.2261252,927.372,1,0,100,2094
1787411800.243052,928.389,1,0,100,2094
1787411801.259645,929.405,1,0,100,2094
1787411802.276119,930.422,1,0,100,2094
1787411803.2938044,931.44,1,0,100,2094
1787411804.3108852,932.457,1,0,100,2094
1787411805.3275402,933.473,1,0,100,2094
1787411806.3439596,934.49,1,0,99,2094
1787411807.3605797,935.506,1,0,100,2094
1787411808.377886,936.524,1,0,100,2094
1787411809.3948855,937.541,1,0,100,2094
1787411810.411249,938.557,1,0,100,2094
1787411811.4278002,939.574,1,0,100,2094
1787411812.4446874,940.591,1,0,100,2094
1787411813.4610865,941.607,1,0,100,2094
1787411814.4797812,942.626,1,0,100,2094
1787411815.4966016,943.642,1,0,100,2094
1787411816.5144653,944.66,1,0,99,2094
1787411817.5311117,945.677,1,0,100,2094
1787411818.5477242,946.694,1,0,100,2094
1787411819.564338,947.71,1,0,100,2094
1787411820.5807648,948.727,1,0,100,2094
1787411821.5972354,949.743,1,0,100,2094
1787411822.614599,950.76,1,0,100,2094
1787411823.6310976,951.777,1,0,100,2094
1787411824.6501415,952.796,1,0,100,2094
1787411825.666582,953.812,1,0,99,2094
1787411826.683133,954.829,1,0,100,2094
1787411827.6995203,955.845,1,0,100,2094
1787411828.7161376,956.862,1,0,100,2094
1787411829.7329173,957.879,1,0,100,2094
1787411830.7493048,958.895,1,0,100,2094
1787411831.7658474,959.912,1,0,100,2094
1787411832.783624,960.929,1,0,99,2094
1787411833.800888,961.947,1,0,100,2094
1787411834.8174202,962.963,1,0,99,2094
1787411835.833851,963.98,1,0,100,2094
1787411836.8502128,964.996,1,0,100,2094
1787411837.8667426,966.013,1,0,100,2094
1787411838.8832948,967.029,1,0,100,2094
1787411839.8996716,968.046,1,0,100,2094
1787411840.9164875,969.062,1,0,100,2094
1787411841.9331043,970.079,1,0,100,2094
1787411842.949694,971.096,1,0,100,2094
1787411843.9664338,972.112,1,0,100,2094
1787411844.9829698,973.129,1,0,100,2094
1787411845.9996467,974.145,1,0,100,2094
1787411847.0162227,975.162,1,0,100,2094
1787411848.0328894,976.179,1,0,100,2094
1787411849.0494156,977.195,1,0,100,2094
1787411850.066228,978.212,1,0,100,2094
1787411851.082641,979.228,1,0,100,2094
1787411852.0992393,980.245,1,0,100,2094
1787411853.115954,981.262,1,0,100,2094
1787411854.1325545,982.278,1,0,100,2094
1787411855.1496274,983.295,1,0,100,2094
1787411856.166281,984.312,1,0,100,2094
1787411857.1826286,985.328,1,0,100,2094
1787411858.1995568,986.345,1,0,100,2094
1787411859.2161043,987.362,1,0,100,2094
1787411860.2325723,988.378,1,0,100,2094
1787411861.248863,989.395,1,0,100,2094
1787411862.265634,990.411,1,0,100,2094
1787411863.2821164,991.428,1,0,100,2094
1787411864.2989538,992.445,1,0,100,2094
1787411865.3154082,993.461,1,0,100,2094
1787411866.3319263,994.478,1,0,100,2094
1787411867.3484786,995.494,1,0,100,2094
1787411868.365392,996.511,1,0,100,2094
1787411869.3820374,997.528,1,0,100,2094
1787411870.3982868,998.544,1,0,100,2094
1787411871.414889,999.561,1,0,100,2094
1787411872.43127,1000.577,1,0,100,2094
1787411873.4477606,1001.594,1,0,100,2094
1787411874.4643471,1002.61,1,0,100,2094
1787411875.4809332,1003.627,1,0,100,2094
1787411876.4975846,1004.643,1,0,100,2094
1787411877.5157995,1005.662,1,0,100,2094
1787411878.532209,1006.678,1,0,99,2094
1787411879.548731,1007.695,1,0,100,2094
1787411880.5652137,1008.711,1,0,100,2094
1787411881.5817013,1009.728,1,0,100,2094
1787411882.5980153,1010.744,1,0,100,2094
1787411883.614423,1011.76,1,0,100,2094
1787411884.6313207,1012.777,1,0,100,2094
1787411885.6474578,1013.793,1,0,100,2094
1787411886.6655374,1014.811,1,0,100,2094
1787411887.6822531,1015.828,1,0,100,2094
1787411888.698875,1016.845,1,0,99,2094
1787411889.7154112,1017.861,1,0,100,2094
1787411890.732487,1018.878,1,0,100,2094
1787411891.748931,1019.895,1,0,100,2094
1787411892.7652552,1020.911,1,0,100,2094
1787411893.781924,1021.928,1,0,100,2094
1787411894.7989812,1022.945,1,0,100,2094
1787411895.8154387,1023.961,1,0,100,2094
1787411896.8330872,1024.979,1,0,100,2094
1787411897.8494036,1025.995,1,0,99,2094
1787411898.8658745,1027.012,1,0,100,2094
1787411899.8822541,1028.028,1,0,100,2094
1787411900.898624,1029.044,1,0,100,2094
1787411901.915618,1030.061,1,0,100,2094
1787411902.9326723,1031.079,1,0,100,2094
1787411903.9490743,1032.095,1,0,100,2094
1787411904.966808,1033.113,1,0,99,2094
1787411905.9835043,1034.129,1,0,100,2094
1787411907.0000486,1035.146,1,0,99,2094
1787411908.0182874,1036.164,1,0,100,2094
1787411909.034956,1037.181,1,0,100,2094
1787411910.0514984,1038.197,1,0,100,2094
1787411911.068177,1039.214,1,0,100,2094
1787411912.0846329,1040.23,1,0,100,2094
1787411913.1012137,1041.247,1,0,100,2094
1787411914.1179633,1042.264,1,0,100,2094
1787411915.1345303,1043.28,1,0,99,2094
1787411916.1568723,1044.303,1,0,100,2094
1787411917.174186,1045.32,1,0,99,2094
1787411918.1909566,1046.337,1,0,100,2094
1787411919.207509,1047.353,1,0,100,2094
1787411920.2242157,1048.37,1,0,100,2094
1787411921.2406678,1049.387,1,0,100,2094
1787411922.257038,1050.403,1,0,100,2094
1787411923.273819,1051.42,1,0,100,2094
1787411924.2907903,1052.437,1,0,100,2094
1787411925.3071883,1053.453,1,0,100,2094
1787411926.3242037,1054.47,1,0,100,2094
1787411927.3407793,1055.487,1,0,99,2094
1787411928.3573992,1056.503,1,0,100,2094
1787411929.3739183,1057.52,1,0,100,2094
1787411930.390211,1058.536,1,0,100,2094
1787411931.4073458,1059.553,1,0,100,2094
1787411932.424219,1060.57,1,0,100,2094
1787411933.4406664,1061.587,1,0,100,2094
1787411934.4618194,1062.608,1,0,100,2094
1787411935.4786596,1063.625,1,0,100,2094
1787411936.4955492,1064.641,1,0,100,2094
1787411937.512502,1065.658,1,0,99,2094
1787411938.529021,1066.675,1,0,100,2094
1787411939.5454302,1067.691,1,0,100,2094
1787411940.5617933,1068.708,1,0,100,2094
1787411941.5789123,1069.725,1,0,100,2094
1787411942.5958204,1070.742,1,0,100,2094
1787411943.614027,1071.76,1,0,100,2094
1787411944.632092,1072.778,1,0,100,2094
1787411945.649799,1073.796,1,0,100,2094
1787411946.6670942,1074.813,1,0,100,2094
1787411947.6845906,1075.83,1,0,99,2094
1787411948.7012541,1076.847,1,0,100,2094
1787411949.718989,1077.865,1,0,100,2094
1787411950.7352333,1078.881,1,0,100,2094
1787411951.7536824,1079.9,1,0,100,2094
1787411952.771288,1080.917,1,0,100,2094
1787411953.788721,1081.935,1,0,100,2094
1787411954.806257,1082.952,1,0,99,2094
1787411955.825459,1083.971,1,0,100,2094
1787411956.8432252,1084.989,1,0,100,2094
1787411957.8610027,1086.007,1,0,99,2094
1787411958.8779562,1087.024,1,0,100,2094
1787411959.895579,1088.041,1,0,100,2094
1787411960.9123764,1089.058,1,0,100,2094
1787411961.9395401,1090.085,1,0,100,2094
1787411962.9572315,1091.103,1,0,100,2094
1787411963.9753137,1092.121,1,0,100,2094
1787411964.9930835,1093.139,1,0,99,2094
1787411966.0096662,1094.156,1,0,100,2094
1787411967.0270517,1095.173,1,0,99,2094
1787411968.0449455,1096.191,1,0,100,2094
1787411969.0626419,1097.208,1,0,100,2094
1787411970.0801775,1098.226,1,0,100,2094
1787411971.0967538,1099.243,1,0,100,2094
1787411972.1144679,1100.26,1,0,100,2094
1787411973.1306908,1101.277,1,0,100,2094
1787411974.1491883,1102.295,1,0,99,2094
1787411975.1671505,1103.313,1,0,100,2094
1787411976.1837864,1104.33,1,0,99,2094
1787411977.2013352,1105.347,1,0,100,2094
1787411978.2178817,1106.364,1,0,100,2094
1787411979.2352836,1107.381,1,0,100,2094
1787411980.2528434,1108.399,1,0,100,2094
1787411981.269994,1109.416,1,0,100,2094
1787411982.2871456,1110.433,1,0,100,2094
1787411983.3035567,1111.449,1,0,100,2094
1787411984.3211963,1112.467,1,0,100,2094
1787411985.3393698,1113.485,1,0,100,2094
1787411986.3566418,1114.502,1,0,99,2094
1787411987.3742316,1115.52,1,0,100,2094
1787411988.391181,1116.537,1,0,100,2094
1787411989.4087298,1117.555,1,0,100,2094
1787411990.4251761,1118.571,1,0,100,2094
1787411991.4425032,1119.588,1,0,100,2094
1787411992.4600034,1120.606,1,0,100,2094
1787411993.478874,1121.625,1,0,100,2094
1787411994.4961786,1122.642,1,0,100,2094
1787411995.5131235,1123.659,1,0,100,2094
1787411996.5305684,1124.676,1,0,99,2094
1787411997.5479298,1125.694,1,0,100,2094
1787411998.565308,1126.711,1,0,100,2094
1787411999.5826464,1127.728,1,0,100,2094
1787412000.5997305,1128.746,1,0,100,2094
1787412001.6172838,1129.763,1,0,100,2094
1787412002.633849,1130.78,1,0,100,2094
1787412003.652372,1131.798,1,0,100,2094
1787412004.6706324,1132.816,1,0,100,2094
1787412005.6872995,1133.833,1,0,100,2094
1787412006.7036757,1134.85,1,0,99,2094
1787412007.7202532,1135.866,1,0,100,2094
1787412008.736759,1136.883,1,0,100,2094
1787412009.7533493,1137.899,1,0,100,2094
1787412010.7698524,1138.916,1,0,100,2094
1787412011.7864003,1139.932,1,0,100,2094
1787412012.8028102,1140.949,1,0,100,2094
1787412013.8198025,1141.966,1,0,100,2094
1787412014.836186,1142.982,1,0,100,2094
1787412015.8527365,1143.999,1,0,100,2094
1787412016.8694503,1145.015,1,0,100,2094
1787412017.8858783,1146.032,1,0,100,2094
1787412018.9024563,1147.048,1,0,100,2094
1787412019.9188733,1148.065,1,0,100,2094
1787412020.935247,1149.081,1,0,100,2094
1787412021.951875,1150.098,1,0,100,2094
1787412022.968213,1151.114,1,0,100,2094
1787412023.9843905,1152.13,1,0,100,2094
1787412025.0006294,1153.146,1,0,100,2094
1787412026.0170565,1154.163,1,0,100,2094
1787412027.033405,1155.179,1,0,100,2094
1787412028.0499885,1156.196,1,0,100,2094
1787412029.0665157,1157.212,1,0,100,2094
1787412030.0830786,1158.229,1,0,100,2094
1787412031.0995104,1159.245,1,0,100,2094
1787412032.1159892,1160.262,1,0,100,2094
1787412033.13213,1161.278,1,0,100,2094
1787412034.148833,1162.295,1,0,100,2094
1787412035.1654246,1163.311,1,0,100,2094
1787412036.1818883,1164.328,1,0,100,2094
1787412037.1981812,1165.344,1,0,100,2094
1787412038.2145054,1166.36,1,0,100,2094
1787412039.2312758,1167.377,1,0,100,2094
1787412040.2477548,1168.394,1,0,100,2094
1787412041.2642684,1169.41,1,0,100,2094
1787412042.2806225,1170.426,1,0,100,2094
1787412043.2970564,1171.443,1,0,100,2094
1787412044.3134937,1172.459,1,0,100,2094
1787412045.3301265,1173.476,1,0,100,2094
1787412046.346803,1174.493,1,0,100,2094
1787412047.3697555,1175.516,1,0,100,2094
1787412048.387056,1176.533,1,0,99,2094
1787412049.4043987,1177.55,1,0,100,2094
1787412050.4214115,1178.567,1,0,100,2094
1787412051.4390123,1179.585,1,0,100,2094
1787412052.4563296,1180.602,1,0,100,2094
1787412053.4736843,1181.62,1,0,100,2094
1787412054.491645,1182.637,1,0,100,2094
1787412055.5082493,1183.654,1,0,100,2094
1787412056.5256813,1184.672,1,0,100,2094
1787412057.545556,1185.691,1,0,100,2094
1787412058.5628843,1186.709,1,0,99,2094
1787412059.5803645,1187.726,1,0,100,2094
1787412060.5971541,1188.743,1,0,100,2094
1787412061.614771,1189.761,1,0,100,2094
1787412062.6312835,1190.777,1,0,100,2094
1787412063.6486776,1191.795,1,0,100,2094
1787412064.6660132,1192.812,1,0,100,2094
1787412065.6840816,1193.83,1,0,100,2094
1787412066.7014816,1194.847,1,0,100,2094
1787412067.7185833,1195.864,1,0,100,2094
1787412068.7357888,1196.882,1,0,99,2094
1787412069.753182,1197.899,1,0,100,2094
1787412070.7705023,1198.916,1,0,100,2094
1787412071.7878869,1199.934,1,0,100,2094
1787412072.8048763,1200.951,1,0,100,2094
1787412073.8224936,1201.968,1,0,100,2094
1787412074.8391647,1202.985,1,0,100,2094
1787412075.8578525,1204.004,1,0,100,2094
1787412076.876067,1205.022,1,0,100,2094
1787412077.8925488,1206.038,1,0,100,2094
1787412078.9099238,1207.056,1,0,99,2094
1787412079.9266448,1208.072,1,0,100,2094
1787412080.9446588,1209.091,1,0,100,2094
1787412081.962164,1210.108,1,0,100,2094
1787412082.9791687,1211.125,1,0,100,2094
1787412083.996604,1212.142,1,0,100,2094
1787412085.0133376,1213.159,1,0,100,2094
1787412086.031241,1214.177,1,0,99,2094
1787412087.050379,1215.196,1,0,100,2094
1787412088.0681584,1216.214,1,0,99,2094
1787412089.0856123,1217.231,1,0,100,2094
1787412090.102219,1218.248,1,0,100,2094
1787412091.1193562,1219.265,1,0,100,2094
1787412092.1358163,1220.282,1,0,100,2094
1787412093.1529624,1221.299,1,0,100,2094
1787412094.1703513,1222.316,1,0,100,2094
1787412095.187839,1223.334,1,0,100,2094
1787412096.2053595,1224.351,1,0,100,2094
1787412097.225093,1225.371,1,0,100,2094
1787412098.2425902,1226.388,1,0,99,2094
1787412099.260061,1227.406,1,0,100,2094
1787412100.2771566,1228.423,1,0,100,2094
1787412101.2946978,1229.441,1,0,100,2094
1787412102.3109527,1230.457,1,0,100,2094
1787412103.3283236,1231.474,1,0,100,2094
1787412104.3447695,1232.491,1,0,100,2094
1787412105.3622494,1233.508,1,0,100,2094
1787412106.3797998,1234.526,1,0,100,2094
1787412107.3965428,1235.542,1,0,100,2094
1787412108.41394,1236.56,1,0,99,2094
1787412109.4306436,1237.576,1,0,100,2094
1787412110.447873,1238.594,1,0,100,2094
1787412111.4651802,1239.611,1,0,100,2094
1787412112.4830453,1240.629,1,0,100,2094
1787412113.5001717,1241.646,1,0,100,2094
1787412114.5307405,1242.677,1,0,100,2094
1787412115.5479906,1243.694,1,0,100,2094
1787412116.5671258,1244.713,1,0,100,2094
1787412117.5849912,1245.731,1,0,99,2094
1787412118.6021652,1246.748,1,0,100,2094
1787412119.618496,1247.764,1,0,100,2094
1787412120.6359951,1248.782,1,0,100,2094
1787412121.6524222,1249.798,1,0,100,2094
1787412122.6699996,1250.816,1,0,100,2094
1787412123.6876636,1251.834,1,0,100,2094
1787412124.7051468,1252.851,1,0,100,2094
1787412125.7227972,1253.869,1,0,100,2094
1787412126.739601,1254.885,1,0,100,2094
1787412127.757546,1255.903,1,0,99,2094
1787412128.77489,1256.921,1,0,100,2094
1787412129.79239,1257.938,1,0,100,2094
1787412130.8099551,1258.956,1,0,100,2094
1787412131.8263319,1259.972,1,0,100,2094
1787412132.8434372,1260.989,1,0,100,2094
1787412133.8599942,1262.006,1,0,100,2094
1787412134.8774164,1263.023,1,0,100,2094
1787412135.8947966,1264.041,1,0,100,2094
1787412136.911524,1265.057,1,0,100,2094
1787412137.928927,1266.075,1,0,99,2094
1787412138.9454954,1267.091,1,0,100,2094
1787412139.9632251,1268.109,1,0,100,2094
1787412140.9806066,1269.126,1,0,100,2094
1787412141.9978118,1270.144,1,0,100,2094
1787412143.0155299,1271.161,1,0,100,2094
1787412144.0321822,1272.178,1,0,100,2094
1787412145.0497758,1273.196,1,0,100,2094
1787412146.067278,1274.213,1,0,100,2094
1787412147.0843003,1275.23,1,0,99,2094
1787412148.1017833,1276.248,1,0,100,2094
1787412149.1181147,1277.264,1,0,100,2094
1787412150.1355438,1278.281,1,0,100,2094
1787412151.1518624,1279.298,1,0,100,2094
1787412152.1691873,1280.315,1,0,100,2094
1787412153.1869795,1281.333,1,0,100,2094
1787412154.2044313,1282.35,1,0,100,2094
1787412155.2219284,1283.368,1,0,99,2094
1787412156.238974,1284.385,1,0,100,2094
1787412157.256085,1285.402,1,0,99,2094
1787412158.27363,1286.419,1,0,100,2094
1787412159.2908509,1287.437,1,0,100,2094
1787412160.3081317,1288.454,1,0,100,2094
1787412161.3247142,1289.471,1,0,100,2094
1787412162.3419728,1290.488,1,0,100,2094
1787412163.3583705,1291.504,1,0,100,2094
1787412164.3757582,1292.522,1,0,100,2094
1787412165.3933575,1293.539,1,0,100,2094
1787412166.409919,1294.556,1,0,100,2094
1787412167.4265263,1295.572,1,0,99,2094
1787412168.4430869,1296.589,1,0,100,2094
1787412169.4594498,1297.605,1,0,100,2094
1787412170.4762037,1298.622,1,0,100,2094
1787412171.492535,1299.638,1,0,100,2094
1787412172.5091856,1300.655,1,0,100,2094
1787412173.5271516,1301.673,1,0,100,2094
1787412174.5434651,1302.689,1,0,100,2094
1787412175.5600488,1303.706,1,0,100,2094
1787412176.5764103,1304.722,1,0,100,2094
1787412177.6030507,1305.749,1,0,100,2094
1787412178.6216133,1306.767,1,0,100,2094
1787412179.638808,1307.785,1,0,100,2094
1787412180.655513,1308.801,1,0,100,2094
1787412181.672128,1309.818,1,0,100,2094
1787412182.688611,1310.834,1,0,100,2094
1787412183.7051811,1311.851,1,0,100,2094
1787412184.7218306,1312.868,1,0,100,2094
1787412185.7382388,1313.884,1,0,100,2094
1787412186.754677,1314.901,1,0,100,2094
1787412187.771195,1315.917,1,0,100,2094
1787412188.7875946,1316.933,1,0,100,2094
1787412189.8041022,1317.95,1,0,100,2094
1787412190.8206844,1318.967,1,0,100,2094
1787412191.837601,1319.983,1,0,100,2094
1787412192.8541417,1321.0,1,0,100,2094
1787412193.8706424,1322.016,1,0,100,2094
1787412194.8873587,1323.033,1,0,100,2094
1787412195.903746,1324.05,1,0,100,2094
1787412196.9202604,1325.066,1,0,100,2094
1787412197.9365954,1326.082,1,0,100,2094
1787412198.9531796,1327.099,1,0,100,2094
1787412199.9698179,1328.116,1,0,100,2094
1787412200.9868276,1329.133,1,0,100,2094
1787412202.0035627,1330.149,1,0,100,2094
1787412203.0206008,1331.166,1,0,100,2094
1787412204.037707,1332.184,1,0,100,2094
1787412205.0544753,1333.2,1,0,100,2094
1787412206.0711768,1334.217,1,0,100,2094
1787412207.08757,1335.233,1,0,100,2094
1787412208.104534,1336.25,1,0,100,2094
1787412209.1216972,1337.268,1,0,99,2094
1787412210.1393807,1338.285,1,0,100,2094
1787412211.1566384,1339.302,1,0,100,2094
1787412212.1744075,1340.32,1,0,100,2094
1787412213.1930983,1341.339,1,0,100,2094
1787412214.2108023,1342.357,1,0,100,2094
1787412215.2291546,1343.375,1,0,100,2094
1787412216.246128,1344.392,1,0,100,2094
1787412217.263409,1345.409,1,0,99,2094
1787412218.2825685,1346.428,1,0,100,2094
1787412219.3004174,1347.446,1,0,99,2094
1787412220.3189874,1348.465,1,0,100,2094
1787412221.3358898,1349.482,1,0,100,2094
1787412222.3537884,1350.5,1,0,100,2094
1787412223.3705819,1351.516,1,0,100,2094
1787412224.3883307,1352.534,1,0,100,2094
1787412225.4057324,1353.552,1,0,100,2094
1787412226.4233565,1354.569,1,0,100,2094
1787412227.4410677,1355.587,1,0,100,2094
1787412228.4580355,1356.604,1,0,100,2094
1787412229.4753175,1357.621,1,0,99,2094
1787412230.4928913,1358.639,1,0,100,2094
1787412231.5102596,1359.656,1,0,100,2094
1787412232.528905,1360.675,1,0,100,2094
1787412233.5455291,1361.691,1,0,100,2094
1787412234.5629523,1362.709,1,0,100,2094
1787412235.5796432,1363.725,1,0,100,2094
1787412236.5973425,1364.743,1,0,100,2094
1787412237.6149662,1365.761,1,0,100,2094
1787412238.6314754,1366.777,1,0,100,2094
1787412239.6492355,1367.795,1,0,99,2094
1787412240.6657672,1368.812,1,0,100,2094
1787412241.683238,1369.829,1,0,100,2094
1787412242.7006488,1370.846,1,0,100,2094
1787412243.7177289,1371.864,1,0,100,2094
1787412244.7352288,1372.881,1,0,100,2094
1787412245.7518318,1373.898,1,0,100,2094
1787412246.7691803,1374.915,1,0,100,2094
1787412247.7877886,1375.934,1,0,100,2094
1787412248.8050056,1376.951,1,0,100,2094
1787412249.8222568,1377.968,1,0,99,2094
1787412250.83893,1378.985,1,0,100,2094
1787412251.8564088,1380.002,1,0,100,2094
1787412252.8727179,1381.019,1,0,100,2094
1787412253.8904636,1382.036,1,0,100,2094
1787412254.9081957,1383.054,1,0,100,2094
1787412255.9258823,1384.072,1,0,100,2094
1787412256.9434824,1385.089,1,0,100,2094
1787412257.9606352,1386.106,1,0,100,2094
1787412258.9782586,1387.124,1,0,99,2094
1787412259.9959376,1388.142,1,0,100,2094
1787412261.0138006,1389.16,1,0,100,2094
1787412262.0313869,1390.177,1,0,100,2094
1787412263.048381,1391.194,1,0,100,2094
1787412264.0670223,1392.213,1,0,100,2094
1787412265.0836012,1393.229,1,0,100,2094
1787412266.1017332,1394.248,1,0,100,2094
1787412267.1198666,1395.266,1,0,100,2094
1787412268.13639,1396.282,1,0,99,2094
1787412269.1540384,1397.3,1,0,100,2094
1787412270.171897,1398.318,1,0,100,2094
1787412271.1896932,1399.336,1,0,100,2094
1787412272.2073152,1400.353,1,0,100,2094
1787412273.224257,1401.37,1,0,100,2094
1787412274.2417974,1402.388,1,0,100,2094
1787412275.2590768,1403.405,1,0,100,2094
1787412276.2765384,1404.422,1,0,100,2094
1787412277.2944732,1405.44,1,0,100,2094
1787412278.3112857,1406.457,1,0,99,2094
1787412279.328528,1407.474,1,0,100,2094
1787412280.344782,1408.491,1,0,100,2094
1787412281.3621495,1409.508,1,0,100,2094
1787412282.379358,1410.525,1,0,100,2094
1787412283.3965979,1411.542,1,0,100,2094
1787412284.4140332,1412.56,1,0,100,2094
1787412285.4312806,1413.577,1,0,100,2094
1787412286.4491549,1414.595,1,0,100,2094
1787412287.4662068,1415.612,1,0,100,2094
1787412288.4836695,1416.63,1,0,99,2094
1787412289.5012226,1417.647,1,0,100,2094
1787412290.5177698,1418.664,1,0,100,2094
1787412291.535007,1419.681,1,0,100,2094
1787412292.5525498,1420.698,1,0,100,2094
1787412293.5699203,1421.716,1,0,100,2094
1787412294.5874119,1422.733,1,0,100,2094
1787412295.6047163,1423.751,1,0,100,2094
1787412296.6220946,1424.768,1,0,100,2094
1787412297.6400838,1425.786,1,0,100,2094
1787412298.6576593,1426.804,1,0,99,2094
1787412299.6750472,1427.821,1,0,100,2094
1787412300.6924582,1428.838,1,0,100,2094
1787412301.7098334,1429.856,1,0,100,2094
1787412302.7275672,1430.873,1,0,100,2094
1787412303.7447834,1431.891,1,0,100,2094
1787412304.761895,1432.908,1,0,100,2094
1787412305.7800515,1433.926,1,0,100,2094
1787412306.799201,1434.945,1,0,100,2094
1787412307.8211904,1435.967,1,0,100,2094
1787412308.8407161,1436.987,1,0,99,2094
1787412309.9215267,1438.067,1,0,100,2094
1787412310.9387825,1439.085,1,0,100,2094
1787412311.956745,1440.103,1,0,100,2094
1787412312.9740906,1441.12,1,0,100,2094
1787412313.9916966,1442.138,1,0,100,2094
1787412315.0093422,1443.155,1,0,100,2094
1787412316.0270636,1444.173,1,0,100,2094
1787412317.0442758,1445.19,1,0,100,2094
1787412318.0623593,1446.208,1,0,100,2094
1787412319.0798185,1447.226,1,0,99,2094
1787412320.0973232,1448.243,1,0,100,2094
1787412321.11466,1449.261,1,0,100,2094
1787412322.1319845,1450.278,1,0,100,2094
1787412323.1498656,1451.296,1,0,100,2094
1787412324.167602,1452.313,1,0,100,2094
1787412325.185039,1453.331,1,0,100,2094
1787412326.2027478,1454.349,1,0,100,2094
1787412327.2204008,1455.366,1,0,99,2094
1787412328.238127,1456.384,1,0,100,2094
1787412329.255358,1457.401,1,0,100,2094
1787412330.2733274,1458.419,1,0,100,2094
1787412331.2909584,1459.437,1,0,100,2094
1787412332.3088956,1460.455,1,0,100,2094
1787412333.3270092,1461.473,1,0,100,2094
1787412334.345045,1462.491,1,0,100,2094
1787412335.3627675,1463.509,1,0,100,2094
1787412336.3801987,1464.526,1,0,100,2094
1787412337.3983753,1465.544,1,0,100,2094
1787412338.4163547,1466.562,1,0,100,2094
1787412339.4343696,1467.58,1,0,100,2094
1787412340.4522135,1468.598,1,0,100,2094
1787412341.4697485,1469.616,1,0,100,2094
1787412342.4872568,1470.633,1,0,100,2094
1787412343.504877,1471.651,1,0,100,2094
1787412344.5222204,1472.668,1,0,100,2094
1787412345.5396702,1473.686,1,0,100,2094
1787412346.5573323,1474.703,1,0,100,2094
1787412347.5746574,1475.721,1,0,100,2094
1787412348.5919113,1476.738,1,0,100,2094
1787412349.609105,1477.755,1,0,100,2094
1787412350.626221,1478.772,1,0,100,2094
1787412351.6436503,1479.789,1,0,100,2094
1787412352.6612973,1480.807,1,0,100,2094
1787412353.6783416,1481.824,1,0,100,2094
1787412354.6955597,1482.841,1,0,100,2094
1787412355.7128038,1483.859,1,0,100,2094
1787412356.729987,1484.876,1,0,100,2094
1787412357.7475612,1485.893,1,0,100,2094
1787412358.764769,1486.911,1,0,100,2094
1787412359.7818305,1487.928,1,0,100,2094
1787412360.7987366,1488.945,1,0,100,2094
1787412361.8162482,1489.962,1,0,100,2094
1787412362.8339176,1490.98,1,0,100,2094
1787412363.8510892,1491.997,1,0,100,2094
1787412364.8682263,1493.014,1,0,100,2094
1787412365.8851576,1494.031,1,0,100,2094
1787412366.9026942,1495.049,1,0,100,2094
1787412367.9202058,1496.066,1,0,100,2094
1787412368.936984,1497.083,1,0,100,2094
1787412369.954189,1498.1,1,0,100,2094
1787412370.9715657,1499.117,1,0,99,2094
1787412371.9891868,1500.135,1,0,100,2094
1787412373.0071013,1501.153,1,0,100,2094
1787412374.0253623,1502.171,1,0,100,2094
1787412375.042789,1503.189,1,0,100,2094
1787412376.0605276,1504.206,1,0,100,2094
1787412377.0779114,1505.224,1,0,100,2094
1787412378.0977566,1506.244,1,0,100,2094
1787412379.117852,1507.264,1,0,100,2094
1787412380.1352768,1508.281,1,0,100,2094
1787412381.1529503,1509.299,1,0,99,2094
1787412382.1702766,1510.316,1,0,100,2094
1787412383.187936,1511.334,1,0,100,2094
1787412384.205521,1512.351,1,0,100,2094
1787412385.2231755,1513.369,1,0,100,2094
1787412386.2410674,1514.387,1,0,100,2094
1787412387.2589314,1515.405,1,0,100,2094
1787412388.2772853,1516.423,1,0,99,2094
1787412389.2953806,1517.441,1,0,100,2094
1787412390.3131194,1518.459,1,0,100,2094
1787412391.3306885,1519.477,1,0,99,2094
1787412392.3481598,1520.494,1,0,100,2094
1787412393.36595,1521.512,1,0,100,2094
1787412394.3834548,1522.529,1,0,100,2094
1787412395.400651,1523.546,1,0,100,2094
1787412396.4181466,1524.564,1,0,100,2094
1787412397.4366844,1525.583,1,0,99,2094
1787412398.4542768,1526.6,1,0,100,2094
1787412399.4708037,1527.617,1,0,99,2094
1787412400.4883246,1528.634,1,0,100,2094
1787412401.5049326,1529.651,1,0,100,2094
1787412402.5220923,1530.668,1,0,100,2094
1787412403.5398593,1531.686,1,0,100,2094
1787412404.5567958,1532.703,1,0,100,2094
1787412405.5739713,1533.72,1,0,100,2094
1787412406.5908482,1534.737,1,0,100,2094
1787412407.6094,1535.755,1,0,100,2094
1787412408.6330194,1536.779,1,0,100,2094
1787412409.650065,1537.796,1,0,99,2094
1787412410.6675458,1538.813,1,0,100,2094
1787412411.6846943,1539.831,1,0,100,2094
1787412412.7022302,1540.848,1,0,100,2094
1787412413.7215612,1541.867,1,0,100,2094
1787412414.7394857,1542.885,1,0,100,2094
1787412415.7570684,1543.903,1,0,100,2094
1787412416.7741668,1544.92,1,0,100,2094
1787412417.791229,1545.937,1,0,100,2094
1787412418.8086178,1546.954,1,0,100,2094
1787412419.8259304,1547.972,1,0,99,2094
1787412420.8431637,1548.989,1,0,100,2094
1787412421.8603923,1550.006,1,0,100,2094
1787412422.877955,1551.024,1,0,100,2094
1787412423.8944774,1552.04,1,0,100,2094
1787412424.9121192,1553.058,1,0,100,2094
1787412425.9291892,1554.075,1,0,100,2094
1787412426.9475996,1555.093,1,0,100,2094
1787412427.9647715,1556.111,1,0,100,2094
1787412428.9812107,1557.127,1,0,100,2094
1787412429.9986484,1558.144,1,0,99,2094
1787412431.0151844,1559.161,1,0,100,2094
1787412432.0331924,1560.179,1,0,100,2094
1787412433.0507672,1561.197,1,0,100,2094
1787412434.0674124,1562.213,1,0,100,2094
1787412435.0850003,1563.231,1,0,100,2094
1787412436.1015344,1564.247,1,0,100,2094
1787412437.120406,1565.266,1,0,100,2094
1787412438.1410842,1566.287,1,0,100,2094
1787412439.1582108,1567.304,1,0,100,2094
1787412440.175599,1568.321,1,0,99,2094
1787412441.1931493,1569.339,1,0,100,2094
1787412442.2105036,1570.356,1,0,100,2094
1787412443.2280622,1571.374,1,0,100,2094
1787412444.2454474,1572.391,1,0,100,2094
1787412445.2624295,1573.408,1,0,100,2094
1787412446.279358,1574.425,1,0,100,2094
1787412447.296772,1575.443,1,0,100,2094
1787412448.3148081,1576.461,1,0,100,2094
1787412449.33215,1577.478,1,0,99,2094
1787412450.3495076,1578.495,1,0,100,2094
1787412451.3666198,1579.512,1,0,100,2094
1787412452.384033,1580.53,1,0,100,2094
1787412453.4005132,1581.546,1,0,100,2094
1787412454.418134,1582.564,1,0,100,2094
1787412455.4354298,1583.581,1,0,100,2094
1787412456.4535372,1584.599,1,0,100,2094
1787412457.4712543,1585.617,1,0,99,2094
1787412458.487843,1586.634,1,0,100,2094
1787412459.5052636,1587.651,1,0,99,2094
1787412460.521753,1588.668,1,0,100,2094
1787412461.5390983,1589.685,1,0,100,2094
1787412462.556468,1590.702,1,0,100,2094
1787412463.5732687,1591.719,1,0,100,2094
1787412464.5906496,1592.736,1,0,100,2094
1787412465.6070845,1593.753,1,0,100,2094
1787412466.6258976,1594.772,1,0,100,2094
1787412467.6507518,1595.797,1,0,100,2094
1787412468.670689,1596.817,1,0,99,2094
1787412469.6880374,1597.834,1,0,100,2094
1787412470.7048414,1598.851,1,0,100,2094
1787412471.7221503,1599.868,1,0,100,2094
1787412472.7394507,1600.885,1,0,100,2094
1787412473.7572176,1601.903,1,0,100,2094
1787412474.7748003,1602.921,1,0,100,2094
1787412475.7915733,1603.937,1,0,100,2094
1787412476.8092332,1604.955,1,0,100,2094
1787412477.8263075,1605.972,1,0,100,2094
1787412478.8454316,1606.991,1,0,99,2094
1787412479.863072,1608.009,1,0,100,2094
1787412480.8799598,1609.026,1,0,100,2094
1787412481.8974547,1610.043,1,0,100,2094
1787412482.914101,1611.06,1,0,100,2094
1787412483.9314723,1612.077,1,0,100,2094
1787412484.948716,1613.095,1,0,100,2094
1787412485.9668825,1614.113,1,0,100,2094
1787412486.984298,1615.13,1,0,100,2094
1787412488.0007374,1616.147,1,0,100,2094
1787412489.0180662,1617.164,1,0,99,2094
1787412490.0348866,1618.181,1,0,100,2094
1787412491.0520737,1619.198,1,0,100,2094
1787412492.0697498,1620.216,1,0,100,2094
1787412493.0862617,1621.232,1,0,100,2094
1787412494.104043,1622.25,1,0,100,2094
1787412495.1224968,1623.268,1,0,100,2094
1787412496.142146,1624.288,1,0,100,2094
1787412497.1614473,1625.307,1,0,100,2094
1787412498.1788497,1626.325,1,0,99,2094
1787412499.1955423,1627.341,1,0,100,2094
1787412500.2121882,1628.358,1,0,100,2094
1787412501.2285933,1629.374,1,0,100,2094
1787412502.2452617,1630.391,1,0,100,2094
1787412503.2618592,1631.408,1,0,100,2094
1787412504.2785947,1632.424,1,0,100,2094
1787412505.29566,1633.442,1,0,100,2094
1787412506.3120854,1634.458,1,0,100,2094
1787412507.3287103,1635.475,1,0,100,2094
1787412508.3450406,1636.491,1,0,100,2094
1787412509.361381,1637.507,1,0,100,2094
1787412510.3779018,1638.524,1,0,100,2094
1787412511.3941953,1639.54,1,0,100,2094
1787412512.4105778,1640.556,1,0,100,2094
1787412513.427059,1641.573,1,0,100,2094
1787412514.4433775,1642.589,1,0,100,2094
1787412515.4596798,1643.606,1,0,100,2094
1787412516.4761298,1644.622,1,0,100,2094
1787412517.4925995,1645.638,1,0,100,2094
1787412518.5091448,1646.655,1,0,100,2094
1787412519.5256035,1647.671,1,0,100,2094
1787412520.5421286,1648.688,1,0,100,2094
1787412521.5584288,1649.704,1,0,100,2094
1787412522.5747058,1650.721,1,0,100,2094
1787412523.5909479,1651.737,1,0,100,2094
1787412524.6073139,1652.753,1,0,100,2094
1787412525.6237044,1653.77,1,0,100,2094
1787412526.6405263,1654.786,1,0,100,2094
1787412527.6570947,1655.803,1,0,100,2094
1787412528.6734638,1656.819,1,0,100,2094
1787412529.689815,1657.836,1,0,100,2094
1787412530.7062325,1658.852,1,0,100,2094
1787412531.7227244,1659.869,1,0,100,2094
1787412532.7392254,1660.885,1,0,100,2094
1787412533.7557967,1661.902,1,0,100,2094
1787412534.7722998,1662.918,1,0,100,2094
1787412535.7888632,1663.935,1,0,100,2094
1787412536.8052444,1664.951,1,0,100,2094
1787412537.8216622,1665.968,1,0,100,2094
1787412538.8381271,1666.984,1,0,100,2094
1787412539.8551807,1668.001,1,0,100,2094
